<?xml version="1.0" ?>
<dcm>
	<services>
		<service id="10">
			<response_off>2</response_off>
			<subservice>true</subservice>
			<suppress>false</suppress>
			<evaluator>uds_record_evaluator_10</evaluator>
			<handler>proxy_service_handler_10</handler>
		</service>
		<service id="11">
			<response_off>2</response_off>
			<subservice>true</subservice>
			<suppress>false</suppress>
			<evaluator>uds_record_evaluator_11</evaluator>
			<handler>proxy_service_handler_11</handler>
		</service>
		<service id="14">
			<response_off>1</response_off>
			<subservice>false</subservice>
			<suppress>false</suppress>
			<evaluator>uds_record_evaluator_14</evaluator>
			<handler>proxy_service_handler_14</handler>
		</service>
		<service id="19">
			<response_off>2</response_off>
			<subservice>true</subservice>
			<suppress>false</suppress>
			<evaluator>uds_record_evaluator_19</evaluator>
			<handler>proxy_service_handler_19</handler>
		</service>
		<service id="22">
			<response_off>1</response_off>
			<subservice>false</subservice>
			<suppress>false</suppress>
			<evaluator>uds_record_evaluator_22</evaluator>
			<handler>proxy_service_handler_22</handler>
		</service>
		<service id="23">
			<response_off>1</response_off>
			<subservice>false</subservice>
			<suppress>false</suppress>
			<evaluator>uds_record_evaluator_23</evaluator>
			<handler>proxy_service_handler_23</handler>
		</service>
		<service id="24">
			<response_off>3</response_off>
			<subservice>false</subservice>
			<suppress>false</suppress>
			<evaluator>uds_record_evaluator_24</evaluator>
			<handler>proxy_service_handler_24</handler>
		</service>
		<service id="27">
			<response_off>2</response_off>
			<subservice>true</subservice>
			<suppress>false</suppress>
			<evaluator>uds_record_evaluator_27</evaluator>
			<handler>proxy_service_handler_27</handler>
		</service>
		<service id="28">
			<response_off>2</response_off>
			<subservice>true</subservice>
			<suppress>false</suppress>
			<evaluator>uds_record_evaluator_28</evaluator>
			<handler>proxy_service_handler_28</handler>
		</service>
		<service id="2A">
			<response_off>1</response_off>
			<subservice>false</subservice>
			<suppress>false</suppress>
			<evaluator>uds_record_evaluator_2A</evaluator>
			<handler>proxy_service_handler_2A</handler>
		</service>
		<service id="2C">
			<response_off>4</response_off>
			<subservice>true</subservice>
			<suppress>false</suppress>
			<evaluator>uds_record_evaluator_2C</evaluator>
			<handler>proxy_service_handler_2C</handler>
		</service>
		<service id="2E">
			<response_off>3</response_off>
			<subservice>false</subservice>
			<suppress>false</suppress>
			<evaluator>uds_record_evaluator_2E</evaluator>
			<handler>proxy_service_handler_2E</handler>
		</service>
		<service id="2F">
			<response_off>3</response_off>
			<subservice>false</subservice>
			<suppress>false</suppress>
			<evaluator>uds_record_evaluator_2F</evaluator>
			<handler>proxy_service_handler_2F</handler>
		</service>
		<service id="31">
			<response_off>4</response_off>
			<subservice>true</subservice>
			<suppress>false</suppress>
			<evaluator>uds_record_evaluator_31</evaluator>
			<handler>proxy_service_handler_31</handler>
		</service>			
		<service id="34">
			<response_off>1</response_off>
			<subservice>true</subservice>
			<suppress>false</suppress>
			<evaluator>uds_record_evaluator_34</evaluator>
			<handler>proxy_service_handler_34</handler>
		</service>
		<service id="36">
			<response_off>2</response_off>
			<subservice>true</subservice>
			<suppress>false</suppress>
			<evaluator>uds_record_evaluator_36</evaluator>
			<handler>proxy_service_handler_36</handler>
		</service>
		<service id="37">
			<response_off>1</response_off>
			<subservice>true</subservice>
			<suppress>false</suppress>
			<evaluator>uds_record_evaluator_37</evaluator>
			<handler>proxy_service_handler_37</handler>
		</service>
		<service id="3D">
			<response_off>10</response_off>
			<subservice>false</subservice>
			<suppress>false</suppress>
			<evaluator>uds_record_evaluator_3D</evaluator>
			<handler>proxy_service_handler_3D</handler>
		</service>
		<service id="3E">
			<response_off>2</response_off>
			<subservice>true</subservice>
			<suppress>true</suppress>
			<evaluator>uds_record_evaluator_3E</evaluator>
			<handler>proxy_service_handler_3E</handler>
		</service>
		<service id="85">
			<response_off>2</response_off>
			<subservice>true</subservice>
			<suppress>false</suppress>
			<evaluator>uds_record_evaluator_85</evaluator>
			<handler>proxy_service_handler_85</handler>
		</service>
	</services>
	<sessions>
		<session id="1">
			<name>DefaultSession</name>
			<init>uds_default_session_init</init>
			<fini>uds_default_session_fini</fini>
		</session>
		<session id="2">
			<name>ProgrammingSession</name>
			<init>uds_programming_session_init</init>
			<fini>uds_programming_session_fini</fini>
		</session>
		<session id="3">
			<name>ExtendedSession</name>
			<init>uds_extended_session_init</init>
			<fini>uds_extended_session_fini</fini>
		</session>
	</sessions>
</dcm>
