<config order="intel">
	<channel index="1">
		<message id='0CF00400' name="Electronic Engine">
			<signal name="Actual engine - percent torque" startbit="17" bitlen="8" offset="-125" factor="1"/>
			<signal name="Engine speed" startbit="25" bitlen="16" offset="0" factor="0.125"/>
			<filter>normal</filter>
		</message>
		<message id='14FD3E00' name="Aftertreatment 1 SCR Exhaust Gas Temperature 1">
			<signal name="Aftertreatment 1 SCR Intake Temperature" startbit="1" bitlen="16" offset="-273" factor="0.03125"/>
			<signal name="Aftertreatment 1 SCR Outlet Temperature" startbit="25" bitlen="16" offset="-273" factor="0.03125"/>
		</message>
		<message id='18FEAE17' name="Air Supply Pressure">
			<signal name="Service Brake Circuit 1 Air Pressure" startbit="17" bitlen="8" offset="0" factor="8"/>
			<signal name="Service Brake Circuit 2 Air Pressure" startbit="25" bitlen="8" offset="0" factor="8"/>
		</message>
		<message id='18FEDF00' name="Electronic Engine Controller#3">
			<signal name="Nominal friction - percent torque" startbit="1" bitlen="8" offset="-125" factor="1"/>
			<signal name="Exhaust Gas Mass Flow" startbit="41" bitlen="16" offset="0" factor="0.2"/>
		</message>
		<message id='18FEF500' name="Ambient Conditions">
			<signal name="Ambient Air Temperature" startbit="25" bitlen="16" offset="-273" factor="0.03125"/>
			<signal name="Barometric Pressure" startbit="1" bitlen="8" offset="0" factor="0.5"/>
		</message>
		<message id='0CF00300' name="Electronic Engine Controller#2">
			<signal name="Accelerator pedal (AP) position" startbit="9" bitlen="8" offset="0" factor="0.4"/>
		</message>
		<message id='0CF00A00' name="Engine Gas Flow Rate">
			<signal name="Engine Intake Air Mass Flow Rate" startbit="17" bitlen="16" offset="0" factor="0.05"/>
		</message>
		<message id='18FEF600' name="Inlet / Exhaust Conditions">
			<signal name="Engine Intake Manifold #1 Pressure" startbit="9" bitlen="8" offset="0" factor="2"/>
			<signal name="Intake Manifold 1 Temperature" startbit="17" bitlen="8" offset="-40" factor="1"/>
		</message>
		<message id='18FEF100' name="Cruise Control / Vehicle Speed">
			<signal name="Parking Brake Switch" startbit="3" bitlen="2" offset="0" factor="1"/>
			<signal name="Cruise Control Active" startbit="25" bitlen="2" offset="0" factor="1"/>
			<signal name="Brake switch" startbit="29" bitlen="2" offset="0" factor="1"/>
			<signal name="Clutch Switch" startbit="31" bitlen="2" offset="0" factor="1"/>
			<signal name="Cruise Control Set Speed" startbit="41" bitlen="8" offset="0" factor="1"/>
			<signal name="Cruise Control State" startbit="54" bitlen="3" offset="0" factor="1"/>
		</message>
		<message id='18FEEF00' name="Engine FluidLevel/Pressure #1">
			<signal name="Engine Oil Pressure" startbit="25" bitlen="8" offset="0" factor="4"/>
		</message>
		<message id='18F0000F' name="Engine IntegratedRetarder">
			<signal name="ActualRetarderPercentTorqueERCER" startbit="9" bitlen="8" offset="-125" factor="1"/>
		</message>
		<message id='18F00029' name="Exhaust integratedRetarder">
			<signal name="ActualRetarderPercentTorqueERCEXR" startbit="9" bitlen="8" offset="-125" factor="1"/>
		</message>
		<message id='18FEF200' name="Fuel Economy (Liquid)">
			<signal name="Fuel Rate" startbit="1" bitlen="16" offset="0" factor="0.05"/>
			<signal name="Instantaneous Fuel Economy" startbit="17" bitlen="16" offset="0" factor="0.00195"/>
		</message>
		<message id='18FF7400' name="Proprietary Message From EMS">
			<signal name="Fuel Rate Gaseous" startbit="49" bitlen="16" offset="0" factor="0.05"/>
		</message>
		<message id='18FEEE00' name="Engine Temperature">
			<signal name="Engine coolant temperature" startbit="1" bitlen="8" offset="-40" factor="1"/>
		</message>
		<message id='18FE5600' name="Tank Information 1">
			<signal name="Catalyst Tank Level" startbit="1" bitlen="8" offset="0" factor="0.4"/>
		</message>
		<message id='18FDB200' name="Aftertreatment 1 Intermediate Gas">
			<signal name="Diesel Particulate Filter Differential Pressure" startbit="33" bitlen="16" offset="0" factor="0.1"/>
		</message>
		<message id='18F00E51' name="Aftertreatment 1 Intake Gas 1">
			<signal name="Aftertreatment 1 Intake NOx" startbit="1" bitlen="16" offset="-200" factor="0.05"/>
		</message>
		<message id='18F00F52' name="Aftertreatment 1 Outlet Gas 1">
			<signal name="Aftertreatment 1 Outlet NOx" startbit="1" bitlen="16" offset="-200" factor="0.05"/>
		</message>
		<message id='18FEFC17' name="Dash Display">
			<signal name="Fuel Level 1" startbit="9" bitlen="8" offset="0" factor="0.4"/>
		</message>
		<message id='18FEFCC6' name="Dash Display Gas">
			<signal name="Fuel Level 1 Gas" startbit="9" bitlen="8" offset="0" factor="0.4"/>
		</message>
		<message id='18F00503' name="Electronic TransmissionController #2">
			<signal name="Current Gear" startbit="25" bitlen="8" offset="-125" factor="1"/>
			<filter>normal</filter>
		</message>
		<message id='18FF0221' name="Switch Command">
			<signal name="Reverse Gear Switch" startbit="31" bitlen="2" offset="0" factor="1"/>
			<signal name="Rear Work Lamp Switch" startbit="39" bitlen="2" offset="0" factor="1"/>
			<signal name="Sleep Area Light Switch" startbit="41" bitlen="2" offset="0" factor="1"/>
			<signal name="Indoor Light Switch" startbit="43" bitlen="2" offset="0" factor="1"/>
			<signal name="Horn Switch" startbit="45" bitlen="2" offset="0" factor="1"/>
			<signal name="Horn Selection Switch" startbit="47" bitlen="2" offset="0" factor="1"/>
			<signal name="Cab Door Warning OFF Switch" startbit="49" bitlen="2" offset="0" factor="1"/>
			<signal name="Auto Light Switch Control" startbit="51" bitlen="2" offset="0" factor="1"/>
			<filter>normal</filter>
		</message>
		<message id='18F0090B' name="Vehicle Dynamic Stability Control 2">
			<signal name="Longitudinal Acceleration" startbit="57" bitlen="8" offset="-125" factor="0.1"/>
		</message>
		<message id='18FDCD21' name="Operator Wiper and Washer Controls Message">
			<signal name="Front Operator Wiper Switch" startbit="1" bitlen="4" offset="0" factor="1"/>
			<signal name="Front Operator Washer Switch" startbit="5" bitlen="3" offset="0" factor="1"/>
		</message>
		<message id='18FF03EC' name="FBCM">
			<signal name="Driver Window Switch" startbit="25" bitlen="2" offset="0" factor="1"/>
			<signal name="Driver Control Passenger Window Switch" startbit="27" bitlen="2" offset="0" factor="1"/>
			<signal name="Passenger Window Switch" startbit="29" bitlen="2" offset="0" factor="1"/>
			<signal name="Cab Doors Lock Switch" startbit="31" bitlen="2" offset="0" factor="1"/>
			<signal name="Back Mirror Heat Switch" startbit="33" bitlen="2" offset="0" factor="1"/>
			<signal name="Back Mirror Selection Switch" startbit="35" bitlen="2" offset="0" factor="1"/>
			<signal name="Back Mirror Adjustment Switch" startbit="37" bitlen="4" offset="0" factor="1"/>
		</message>
		<message id='18F00010' name="Engine IntegratedRetarder">
			<signal name="ActualRetarderPercentTorqueERCDR" startbit="9" bitlen="8" offset="-125" factor="1"/>
			<filter>normal</filter>
		</message>
		<message id='0CFE4121' name="Lighting Command">
			<signal name="Running Light Command" startbit="1" bitlen="2" offset="0" factor="1"/>
			<signal name="Low Beam Head Light Command" startbit="5" bitlen="2" offset="0" factor="1"/>
			<signal name="High Beam Head Light Command" startbit="7" bitlen="2" offset="0" factor="1"/>
			<signal name="Tractor Front Fog Lights Command" startbit="9" bitlen="2" offset="0" factor="1"/>
			<signal name="Right Turn Signal Lights Command" startbit="13" bitlen="2" offset="0" factor="1"/>
			<signal name="Left Turn Signal Lights Command" startbit="15" bitlen="2" offset="0" factor="1"/>
			<signal name="Back Up Light and Alarm Horn Command" startbit="17" bitlen="2" offset="0" factor="1"/>
			<signal name="Center Stop Light Command" startbit="19" bitlen="2" offset="0" factor="1"/>
			<signal name="Implement Marker Light Command" startbit="29" bitlen="2" offset="0" factor="1"/>
			<signal name="Rear Fog Light Command" startbit="33" bitlen="2" offset="0" factor="1"/>
			<signal name="Driver Side Cab Dome Light Switch" startbit="49" bitlen="2" offset="0" factor="1"/>
			<signal name="Passenger Side Cab Dome Light Switch" startbit="51" bitlen="2" offset="0" factor="1"/>
		</message>
		<message id='0CFDCC21' name="Operators External Light Controls Message">
			<signal name="Turn Signal Switch" startbit="9" bitlen="4" offset="0" factor="1"/>
			<signal name="Hazard Light Switch" startbit="13" bitlen="2" offset="0" factor="1"/>
		</message>
		<message id='18FDA5EC' name="Door Control 2">
			<signal name="Lock Status of Door 1_Driver" startbit="1" bitlen="2" offset="0" factor="1"/>
			<signal name="Lock Status of Door 2_Passenger" startbit="7" bitlen="2" offset="0" factor="1"/>
		</message>
		<message id='18FECA34' name="Diagnostic Message 1">
			<filter>normal</filter>
		</message>
		<message id='0CFE6C17' name="Tachograph">
			<signal name="Tachograph vehicle speed" startbit="49" bitlen="16" offset="0" factor="0.00390625"/>
			<filter>normal</filter>
		</message>
		<message id='18FEE017' name="Vehicle Distance">
			<signal name="Total vehicle distance" startbit="33" bitlen="32" offset="0" factor="0.125"/>
		</message>
		<message id='18FF4117' name="IC_2">
			<signal name="Fuel Leakage Alert" startbit="1" bitlen="2" offset="0" factor="1"/>
		</message>
		<message id='18FE4021' name="LD">
			<signal name="Center Stop Light" startbit="19" bitlen="2" offset="0" factor="1"/>
		</message>
		<message id='18FEF433' name="Tire Condition Message 1">
			<signal name="Tire Locaton" startbit="1" bitlen="8" offset="0" factor="1"/>
			<signal name="Extended Tire Pressure Support" startbit="39" bitlen="2" offset="0" factor="1"/>
			<signal name="Tire Pressure" startbit="9" bitlen="8" offset="0" factor="4"/>
			<signal name="Tire Temperature" startbit="17" bitlen="16" offset="-273" factor="0.03125"/>
			<signal name="Tire Status" startbit="35" bitlen="2" offset="0" factor="1"/>
			<signal name="Tire Air Leakage Rate" startbit="41" bitlen="16" offset="0" factor="0.1"/>
			<signal name="Tire Pressure Threshold Detection" startbit="62" bitlen="3" offset="0" factor="1"/>
			<filter>normal</filter>
		</message>
		<message id='18FFD119' name="Air Conditioner 1">
			<signal name="Air Conditioner ON/OFF Status" startbit="1" bitlen="2" offset="0" factor="1"/>
			<signal name="Air Conditioner Mode Status" startbit="3" bitlen="4" offset="0" factor="1"/>
			<signal name="Air Conditioner Auto Mode Status" startbit="7" bitlen="2" offset="0" factor="1"/>
			<signal name="Air Conditioner Blowing Rate" startbit="9" bitlen="4" offset="0" factor="1"/>
			<signal name="Air Conditioner A/C Mode Status" startbit="13" bitlen="2" offset="0" factor="1"/>
			<signal name="Air Conditioner Circulation Mode Status" startbit="15" bitlen="2" offset="0" factor="1"/>
			<signal name="Warm Air Blower ON/OFF Status" startbit="17" bitlen="2" offset="0" factor="1"/>
			<signal name="Warm Air Temperature" startbit="19" bitlen="4" offset="0" factor="1"/>
			<signal name="Parking Air Conditioner ON/OFF status" startbit="25" bitlen="2" offset="0" factor="1"/>
			<signal name="Parking Air Conditioner Blowing Rate" startbit="27" bitlen="4" offset="0" factor="1"/>
			<signal name="AC Regulation Temperature" startbit="33" bitlen="8" offset="-40" factor="1"/>
			<signal name="Parking AC Regulation Temperature" startbit="41" bitlen="8" offset="-40" factor="1"/>
			<signal name="Cab Temperature" startbit="49" bitlen="8" offset="-40" factor="1"/>
			<filter>normal</filter>
		</message>
		<message id='18FF4F19' name="Air Conditioner 2">
			<signal name="AC Regulation HR Temperature" startbit="1" bitlen="16" offset="-273" factor="0.03125"/>
			<signal name="Parking AC Regulation HR Temperature" startbit="17" bitlen="16" offset="-273" factor="0.03125"/>
			<signal name="Air Conditioner Ventilation Status" startbit="33" bitlen="2" offset="0" factor="1"/>
			<signal name="Parking AC Auto Mode Status" startbit="35" bitlen="2" offset="0" factor="1"/>
			<filter>normal</filter>
		</message>
		<message id='18FC4233' name="Tire Condition Message 2">
			<signal name="Tire Locaton Extended" startbit="1" bitlen="8" offset="0" factor="1"/>
			<signal name="Tire Pressure Extended Range" startbit="9" bitlen="16" offset="0" factor="1"/>
			<signal name="Required Tire Pressure" startbit="25" bitlen="16" offset="0" factor="1"/>
			<filter>normal</filter>
		</message>
		<message id='18FED921' name="Auxiliary Input/Output">
			<signal name="Trailer Parking Brake Switch" startbit="17" bitlen="2" offset="0" factor="1"/>
			<filter>normal</filter>
		</message>
		<message id='18FECA33' name="Diagnostic Message 1">
			<filter>normal</filter>
		</message>
		<message id='0C00004A' name="Torque/Speed Control to engine">
			<signal name="Override Control Mode" startbit="1" bitlen="2" offset="0" factor="1"/>
			<signal name="Requested Speed Control Conditions" startbit="3" bitlen="2" offset="0" factor="1"/>
			<signal name="Override Control Mode Priority" startbit="5" bitlen="2" offset="0" factor="1"/>
			<signal name="Speed Limit" startbit="9" bitlen="16" offset="0" factor="0.125"/>
			<signal name="Torque Limit" startbit="25" bitlen="8" offset="-125" factor="1"/>
			<signal name="Requested Torque - High Resolution" startbit="41" bitlen="4" offset="0" factor="1"/>
			<signal name="Message Counter" startbit="57" bitlen="4" offset="0" factor="1"/>
			<signal name="Message Checksum" startbit="61" bitlen="4" offset="0" factor="1"/>
			<filter>normal</filter>
		</message>
		<message id='14FC124A' name="Cab Door Control from FM">
			<filter>normal</filter>
		</message>
		<message id='18FECA0B' name="Diagnostic Message 1">
			<filter>normal</filter>
		</message>
		<message id='18FECA2A' name="ACC Diagnostic Message 1">
			<filter>normal</filter>
		</message>
		<message id='18FECAA0' name="AEBS Diagnostic Message 1">
			<filter>normal</filter>
		</message>
		<message id='18FECA10' name="Diagnostic Message 1">
			<filter>normal</filter>
		</message>
		<message id='18FECAE8' name="Diagnostic Message 1">
			<filter>normal</filter>
		</message>
		<message id='18FECA21' name="Diagnostic Message 1">
			<filter>normal</filter>
		</message>
		<message id='18FECAEC' name="Diagnostic Message 1">
			<filter>normal</filter>
		</message>
		<message id='18FECA28' name="Diagnostic Message 1">
			<filter>normal</filter>
		</message>
		<message id='18FECAE6' name="Diagnostic Message 1">
			<filter>normal</filter>
		</message>
		<message id='18FECA41' name="Diagnostic Message 1">
			<filter>normal</filter>
		</message>
		<message id='18FECA27' name="Diagnostic Message 1">
			<filter>normal</filter>
		</message>
	</channel>
	<channel index="3">
		<message id='18FECA00' name="Diagnostic Message 1">
			<filter>normal</filter>
		</message>
		<message id='18FECA03' name="Diagnostic Message 1">
			<filter>normal</filter>
		</message>
		<message id='18FECA2F' name="Diagnostic Message 1">
			<filter>normal</filter>
		</message>
	</channel>
</config>
