<!--
	task config for Bluez platform
-->
<task>
	<module type="rild" name="rild" loop="rild" active="1">
		<ctrlport>ttyUSB2</ctrlport>
		<power_en_gpio>21</power_en_gpio>
		<power_on_gpio>19</power_on_gpio>
		<power_reset_gpio>18</power_reset_gpio>
	</module>
	<module type="wland" name="wland" loop="wland" active="1">
		<power_on_gpio>127</power_on_gpio>
		<reset_gpio>125</reset_gpio>
	</module>
	<module type="faw-tsc" name="faw-tsc" loop="main" active="1">
		<speed_limit>8031.875</speed_limit>
		<torque_limit>30</torque_limit>
		<pwr_cycle>0</pwr_cycle>
	</module>
	<module type="cansig-law-pro" name="cansig-law-pro" loop="can" active="1"/>
	<module type="faw-dm1" name="faw-dm1" loop="can" active="1">
		<gps-antenna-spn>0x52330</gps-antenna-spn>
		<gps-dev-spn>0x52331</gps-dev-spn>
		<modem-dev-spn>0x52332</modem-dev-spn>
		<modem-sim-spn>0x52333</modem-sim-spn>
		<power-spn>0x52334</power-spn>
		<wlan-spn>0x52335</wlan-spn>
	</module>
	<module type="http-server" name="http" loop="main" active="1"/>
	<module type="faw-inspector" name="faw-inspector" loop="can" active="1"/>
	<module type="faw-accident-doubt-record" name="record" loop="file" active="1"/>
	<module type="ftp-download" name="ftp" loop="main" active="1"/>
	<module type="faw-remote" name="remote" loop="main" active="1">
		<path>/extdata/rmu/cache/</path>
		<filesize>3MB</filesize>
		<filenum>20</filenum>
	</module>
	<module type="uds-if" name="uds" loop="can" active="1">
		<funcid>uds_if</funcid>
	</module>
	<module type="faw-diagnose" name="diagnose" loop="can" active="1"/>
	<module type="faw-spi" name="spi" loop="can" active="1"/>
	<module type="can-in" name="can-in" loop="can" active="1">
		<funcid>faw</funcid>
		<signal-post>true</signal-post>
	</module>
	<module type="diagnose-tester" name="tester" loop="can" active="1"/>
	<module type="vist-server" name="vist" loop="main" active="1"/>
	<module type="diagnostic" name="mod_diagnostic" loop="diag" active="1"/>
	<module type="navinfo" name="navinfo" loop="main" active="0"/>
	<module type="gyro" name="gyro" loop="main" active="1">
		<polling_rate>1000</polling_rate>
	</module>
	<module type="faw-eol" name="faw-eol" loop="main" active="1"/>
	<module type="dbus-server" name="dbus-server" loop="dbus" active="1">
		<funcid>dbus-server</funcid>
	</module>
</task>

