<?xml version="1.0" encoding="UTF-8"?>
<config>
  <array name="dtc">
    <array name="GpsErr">
      <key name="status">64</key>
      <key name="code">0956D12</key>
      <key name="rcnt">0</key>
    </array>
    <array name="GpsAntOC">
      <key name="status">64</key>
      <key name="code">0956E13</key>
      <key name="rcnt">0</key>
    </array>
    <array name="GpsAntSC">
      <key name="status">64</key>
      <key name="code">0956E11</key>
      <key name="rcnt">0</key>
    </array>
    <array name="ModemErr">
      <key name="status">64</key>
      <key name="code">0956F12</key>
      <key name="rcnt">0</key>
    </array>
    <array name="ModemAntOC">
      <key name="status">64</key>
      <key name="code">0957513</key>
      <key name="rcnt">0</key>
    </array> 
    <array name="ModemAntSC">
      <key name="status">64</key>
      <key name="code">0957511</key>
      <key name="rcnt">0</key>
    </array> 
    <array name="WlanErr">
      <key name="status">64</key>
      <key name="code">0957012</key>
      <key name="rcnt">0</key>
    </array>
    <array name="SimCardErr">
      <key name="status">64</key>
      <key name="code">0957112</key>
      <key name="rcnt">0</key>
    </array>
    <array name="PowerLow">
      <key name="status">64</key>
      <key name="code">0957216</key>
      <key name="rcnt">0</key>
    </array>
    <array name="CameraErr">
      <key name="status">64</key>
      <key name="code">0957312</key>
      <key name="rcnt">0</key>
    </array>
    <array name="NeutralSwitchOC">
      <key name="status">64</key>
      <key name="code">0957413</key>
      <key name="rcnt">0</key>
    </array>
    <array name="ComCANBusOff">
      <key name="status">64</key>
      <key name="code">0C03700</key>
      <key name="rcnt">0</key>
      <key name="tab">01010001010101000101</key>
    </array>
    <array name="PowTrCANBusOff">
      <key name="status">64</key>
      <key name="code">0C03900</key>
      <key name="rcnt">0</key>
      <key name="tab">01000000010100000001</key>
    </array>
    <array name="CAN1BusOff">
      <key name="status">64</key>
      <key name="code">0C00100</key>
      <key name="rcnt">0</key>
      <key name="tab">00000100000000010000</key>
    </array>
    <array name="AllECUTmOut">
      <key name="status">64</key>
      <key name="code">0C00200</key>
      <key name="rcnt">0</key>
      <key name="tab">00000100000000010000</key>
    </array>
    <array name="AECUTmOut">
      <key name="status">64</key>
      <key name="code">0C03800</key>
      <key name="rcnt">0</key>
      <key name="tab">00000001000000000100</key>
    </array>
    <array name="ComCANPrtTmOut">
      <key name="status">64</key>
      <key name="code">0C03A00</key>
      <key name="rcnt">0</key>
      <key name="tab">01010000010101000001</key>
    </array>
    <array name="PowTrCANPrtTmOut">
      <key name="status">64</key>
      <key name="code">0C03B00</key>
      <key name="rcnt">0</key>
      <key name="tab">01000000010100000001</key>
    </array>
    <array name="EMSTimeOut">
      <key name="status">64</key>
      <key name="code">0C10000</key>
      <key name="rcnt">0</key>
      <key name="channel">3</key>
      <key name="period">1000</key>
      <key name="cnt">10</key>
      <key name="id">18FECA00</key>
      <key name="ign_ctrl">1</key>
      <key name="tab">01000100010100010001</key>
    </array>
    <array name="DCMTimeOut">
      <key name="status">64</key>
      <key name="code">0C19900</key>
      <key name="rcnt">0</key>
      <key name="channel">1</key>
      <key name="period">1000</key>
      <key name="cnt">10</key>
      <key name="id">18FECAEC</key>
      <key name="ign_ctrl">0</key>
      <key name="tab">01000000010100000001</key>
    </array>
    <array name="ICTimeOut">
      <key name="status">64</key>
      <key name="code">0C15500</key>
      <key name="rcnt">0</key>
      <key name="channel">1</key>
      <key name="period">50</key>
      <key name="cnt">10</key>
      <key name="id">0CFE6C17</key>
      <key name="ign_ctrl">0</key>
      <key name="tab">01000100010100010001</key>
    </array>
    <array name="BCMTimeOut">
      <key name="status">64</key>
      <key name="code">0C14000</key>
      <key name="rcnt">0</key>
      <key name="channel">1</key>
      <key name="period">1000</key>
      <key name="cnt">10</key>
      <key name="id">18FECA21</key>
      <key name="ign_ctrl">0</key>
      <key name="tab">01000101010100010101</key>
    </array>
    <array name="TCUTimeOut">
      <key name="status">64</key>
      <key name="code">0C10100</key>
      <key name="rcnt">0</key>
      <key name="channel">3</key>
      <key name="period">1000</key>
      <key name="cnt">10</key>
      <key name="id">18FECA03</key>
      <key name="ign_ctrl">1</key>
      <key name="tab">01000100010100010001</key>
    </array>
    <array name="PSTimeOut">
      <key name="status">64</key>
      <key name="code">0C18500</key>
      <key name="rcnt">0</key>
      <key name="channel">1</key>
      <key name="period">1000</key>
      <key name="cnt">10</key>
      <key name="id">18FECA34</key>
      <key name="ign_ctrl">0</key>
      <key name="tab">01000000010100000001</key>
    </array>
    <array name="TPMSTimeOut">
      <key name="status">64</key>
      <key name="code">0C12700</key>
      <key name="rcnt">0</key>
      <key name="channel">1</key>
      <key name="period">1000</key>
      <key name="cnt">10</key>
      <key name="id">18FECA33</key>
      <key name="ign_ctrl">1</key>
      <key name="tab">01000101010100010101</key>
    </array>
    <array name="LDWTimeOut">
      <key name="status">64</key>
      <key name="code">0E9F500</key>
      <key name="rcnt">0</key>
      <key name="channel">1</key>
      <key name="period">1000</key>
      <key name="cnt">10</key>
      <key name="id">18FECAE8</key>
      <key name="ign_ctrl">1</key>
      <key name="tab">01000101010100010101</key>
    </array>
    <array name="VCUTimeOut">
      <key name="status">64</key>
      <key name="code">0C16800</key>
      <key name="rcnt">0</key>
      <key name="channel">3</key>
      <key name="period">1000</key>
      <key name="cnt">10</key>
      <key name="id">18FECA27</key>
      <key name="ign_ctrl">1</key>
      <key name="tab">01000000010100000001</key>
    </array>
    <array name="ECASTimeOut">
      <key name="status">64</key>
      <key name="code">0C13200</key>
      <key name="rcnt">0</key>
      <key name="channel">3</key>
      <key name="period">1000</key>
      <key name="cnt">10</key>
      <key name="id">18FECA2F</key>
      <key name="ign_ctrl">1</key>
      <key name="tab">01000100010100010001</key>
    </array>
     <array name="AVMTimeOut">
      <key name="status">64</key>
      <key name="code">0D03500</key>
      <key name="rcnt">0</key>
      <key name="channel">1</key>
      <key name="period">1000</key>
      <key name="cnt">10</key>
      <key name="id">18FECA28</key>
      <key name="ign_ctrl">1</key>
      <key name="tab">00010000000001000000</key>
    </array>
     <array name="RetarderTimeOut">
      <key name="status">64</key>
      <key name="code">0C12A00</key>
      <key name="rcnt">0</key>
      <key name="channel">1</key>
      <key name="period">100</key>
      <key name="cnt">10</key>
      <key name="id">18F00010</key>
      <key name="ign_ctrl">1</key>
      <key name="tab">00000100000000010000</key>
    </array>
     <array name="ABS/EBSTimeOut">
      <key name="status">64</key>
      <key name="code">0C12200</key>
      <key name="rcnt">0</key>
      <key name="channel">1</key>
      <key name="period">1000</key>
      <key name="cnt">10</key>
      <key name="id">18FECA0B</key>
      <key name="ign_ctrl">1</key>
      <key name="tab">00000100000000010000</key>
    </array>
     <array name="GWTimeOut">
      <key name="status">64</key>
      <key name="code">0C14600</key>
      <key name="rcnt">0</key>
      <key name="channel">1</key>
      <key name="period">1000</key>
      <key name="cnt">10</key>
      <key name="id">18FECAE6</key>
      <key name="ign_ctrl">1</key>
      <key name="tab">00010001000001000100</key>
    </array>
     <array name="VISTTimeOut">
      <key name="status">64</key>
      <key name="code">0C25500</key>
      <key name="rcnt">0</key>
      <key name="channel">1</key>
      <key name="period">1000</key>
      <key name="cnt">10</key>
      <key name="id">18FECA41</key>
      <key name="ign_ctrl">1</key>
      <key name="tab">00010000000001000000</key>
    </array>
     <array name="GCTTimeOut">
      <key name="status">64</key>
      <key name="code">0D03C00</key>
      <key name="rcnt">0</key>
      <key name="channel">1</key>
      <key name="period">1000</key>
      <key name="cnt">5</key>
      <key name="id">18FEFCC6</key>
      <key name="ign_ctrl">1</key>
      <key name="tab">00000000000101010101</key>
    </array>
  </array>
  <array name="did">
    <array name="ConfigurationInformation">
      <key name="code">0100</key>
      <key name="val">00010101000000010101000000000000</key>
      <key name="rw">rw</key>
      <key name="datalen">16</key>
    </array>
    <array name="DataInformationFieldVersion">
      <key name="code">F182</key>
      <key name="val">0</key>
      <key name="rw">rw</key>
      <key name="datalen">16</key>
    </array>
    <array name="OEMPartNumber">
      <key name="code">0F187</key>
      <key name="val">0</key>
      <key name="rw">rw</key>
      <key name="datalen">16</key>
    </array>
    <array name="Calibrationsoftwareinformation">
      <key name="code">F18C</key>
      <key name="val">0</key>
      <key name="rw">rw</key>
      <key name="datalen">16</key>
    </array>
    <array name="vin">
      <key name="code">0F190</key>
      <key name="val">0</key>
      <key name="rw">rw</key>
      <key name="datalen">17</key>
    </array>
    <array name="TesterSeriesNumber">
      <key name="code">F198</key>
      <key name="val">0</key>
      <key name="rw">rw</key>
      <key name="datalen">10</key>
    </array>
    <array name="ProgrammingDate">
      <key name="code">F199</key>
      <key name="rw">rw</key>
      <key name="datalen">4</key>
      <key name="val">20171116</key>
    </array>
    <array name="ECUInstallDate">
      <key name="code">F19D</key>
      <key name="rw">rw</key>
      <key name="datalen">4</key>
      <key name="val">19700101</key>
    </array>
    <array name="Reserved_1">
      <key name="code">F1A0</key>
      <key name="val">0</key>
      <key name="rw">rw</key>
      <key name="datalen">16</key>
    </array>
    <array name="Reserved_2">
      <key name="code">F1A1</key>
      <key name="val">0</key>
      <key name="rw">rw</key>
      <key name="datalen">16</key>
    </array>
    <array name="HardwareNumber">
      <key name="code">F192</key>
      <key name="val">0</key>
      <key name="rw">r</key>
      <key name="datalen">4</key>
    </array>
    <array name="HardwareVersionNumber">
      <key name="code">F193</key>
      <key name="val">0</key>
      <key name="rw">r</key>
      <key name="datalen">9</key>
    </array>
    <array name="SoftwareNumber">
      <key name="code">F194</key>
      <key name="val">0</key>
      <key name="rw">rw</key>
      <key name="datalen">4</key>
    </array>
    <array name="SoftwareVersionNumber">
      <key name="code">0F195</key>
      <key name="val">0</key>
      <key name="rw">rw</key>
      <key name="datalen">5</key>
    </array>
    <array name="ModemDiconnectTme">
      <key name="code">01001</key>
      <key name="val">19700101000000</key>
      <key name="rw">r</key>
      <key name="datalen">7</key>
    </array>
    <array name="faw.rild.apn1">
      <key name="code">01002</key>
      <key name="val">4gnet</key>
      <key name="rw">rw</key>
      <key name="datalen">32</key>
    </array>
    <array name="RemoteAddress">
      <key name="code">01003</key>
      <key name="val">0</key>
      <key name="rw">rw</key>
      <key name="datalen">32</key>
    </array>
    <array name="modem.imsi">
      <key name="code">01004</key>
      <key name="val">0</key>
      <key name="rw">r</key>
      <key name="datalen">15</key>
    </array>
    <array name="ModulePoweronTime">
      <key name="code">01005</key>
      <key name="val">19700101001419</key>
      <key name="rw">r</key>
      <key name="datalen">7</key>
    </array>
    <array name="ModuleLastSleepTime">
      <key name="code">01006</key>
      <key name="val">19700101000000</key>
      <key name="rw">r</key>
      <key name="datalen">7</key>
    </array>
    <array name="TimeNow">
      <key name="code">01007</key>
      <key name="val">0</key>
      <key name="rw">rw</key>
      <key name="datalen">7</key>
    </array>
    <array name="MemmoryStatus">
      <key name="code">01008</key>
      <key name="val">0</key>
      <key name="r">r</key>
      <key name="datalen">1</key>
    </array>
    <array name="GpsStatus">
      <key name="code">01009</key>
      <key name="val">0</key>
      <key name="r">r</key>
      <key name="datalen">2</key>
    </array>
    <array name="ModemStatus">
      <key name="code">01010</key>
      <key name="val">0</key>
      <key name="r">r</key>
      <key name="datalen">2</key>
    </array>
    <array name="DataUsage">
      <key name="code">01011</key>
      <key name="val">0</key>
      <key name="r">r</key>
      <key name="datalen">4</key>
    </array>
    <array name="DataLeft">
      <key name="code">01012</key>
      <key name="val">0</key>
      <key name="r">r</key>
      <key name="datalen">4</key>
    </array>
    <array name="WlanStatus">
      <key name="code">01014</key>
      <key name="val">1</key>
      <key name="r">r</key>
      <key name="datalen">1</key>
    </array>
    <array name="MemmoryUsage">
      <key name="code">01015</key>
      <key name="val">0</key>
      <key name="r">r</key>
      <key name="datalen">1</key>
    </array>
    <array name="remote.rootKey">
      <key name="code">01016</key>
      <key name="val">0</key>
      <key name="r">rw</key>
      <key name="datalen">32</key>
    </array>
    <array name="remote.iv">
      <key name="code">01017</key>
      <key name="val">0</key>
      <key name="r">rw</key>
      <key name="datalen">32</key>
    </array>
    <array name="local.rootKey">
      <key name="code">01018</key>
      <key name="val">0</key>
      <key name="r">rw</key>
      <key name="datalen">32</key>
    </array>
    <array name="local.iv">
      <key name="code">01019</key>
      <key name="val">0</key>
      <key name="r">rw</key>
      <key name="datalen">32</key>
    </array>
    <array name="TboxPrivateKey">
      <key name="code">01020</key>
      <key name="val">0</key>
      <key name="r">wr</key>
      <key name="datalen">3000</key>
    </array>
    <array name="TboxCertificate">
      <key name="code">01021</key>
      <key name="val">0</key>
      <key name="r">wr</key>
      <key name="datalen">2000</key>
    </array>
    <array name="TboxPrivateKeyMD5-128">
      <key name="code">01022</key>
      <key name="val">0</key>
      <key name="r">r</key>
      <key name="datalen">16</key>
    </array>
    <array name="TboxCertificateMD5-128">
      <key name="code">01023</key>
      <key name="val">0</key>
      <key name="r">r</key>
      <key name="datalen">16</key>
    </array>
    <array name="CACertificate1">
      <key name="code">01024</key>
      <key name="val">0</key>
      <key name="r">wr</key>
      <key name="datalen">2000</key>
    </array>
    <array name="CACertificate2">
      <key name="code">01025</key>
      <key name="val">0</key>
      <key name="r">wr</key>
      <key name="datalen">2000</key>
    </array>
    <array name="CACertificate1MD5-128">
      <key name="code">01026</key>
      <key name="val">0</key>
      <key name="r">r</key>
      <key name="datalen">16</key>
    </array>
    <array name="CACertificate2MD5-128">
      <key name="code">01027</key>
      <key name="val">0</key>
      <key name="r">r</key>
      <key name="datalen">16</key>
    </array>
    <array name="faw.rild.apn2">
      <key name="code">01028</key>
      <key name="val">4gnet</key>
      <key name="rw">rw</key>
      <key name="datalen">32</key>
    </array>
  </array>
  <key name="isbigend">true</key>
  <key name="confirm_cnt">40</key>
  <key name="dtc_en">1</key>
  <key name="ecu_update">0</key>
</config>
