<!--
     config file for i.MX6 Bluez platform
     edit this file with caution
-->
<config>
		<array name="speed">
			<key name="sig_name">Tachograph vehicle speed</key>
			<key name="node_time_cyc">10</key>
			<key name="invalid_value_cyc">10</key>
			<key name="default_value">255</key>
			<key name="default_orig">FFFF</key>
			<key name="value_start">0</key>
			<key name="value_end">140</key>
			<key name="sig_period">50</key><!-- in ms -->
		</array>
		<array name="enginespeed">
			<key name="sig_name">Engine speed</key>
			<key name="node_time_cyc">10</key>
			<key name="invalid_value_cyc">10</key>
			<key name="default_value">8191</key>
			<key name="default_orig">FFFF</key>
			<key name="value_start">0</key>
			<key name="value_end">3000</key>
			<key name="sig_period">20</key><!-- in ms -->
		</array>
		<array name="distance">
			<key name="sig_name">Total vehicle distance</key>
			<key name="node_time_cyc">10</key>
			<key name="invalid_value_cyc">10</key>
			<key name="default_value">536870911.875</key>
			<key name="default_orig">FFFFFFFF</key>
			<key name="value_start">0</key>
			<key name="value_end">526385151.9</key>
			<key name="sig_period">100</key><!-- in ms -->
		</array>
		<array name="engine coolant temp">
			<key name="sig_name">Engine coolant temperature</key>
			<key name="node_time_cyc">10</key>
			<key name="invalid_value_cyc">10</key>
			<key name="default_value">215</key>
			<key name="default_orig">FF</key>
			<key name="value_start">-40</key>
			<key name="value_end">130</key>
			<key name="sig_period">1000</key><!-- in ms -->
		</array>
		<array name="ac_temp">
			<key name="sig_name">AC Regulation Temperature</key>
			<key name="node_time_cyc">10</key>
			<key name="invalid_value_cyc">10</key>
			<key name="default_value">215</key>
			<key name="default_orig">FF</key>
			<key name="value_start">-40</key>
			<key name="value_end">210</key>
			<key name="sig_period">100</key><!-- in ms -->
		</array>
		<array name="park_ac_temp">
			<key name="sig_name">Parking AC Regulation Temperature</key>
			<key name="node_time_cyc">10</key>
			<key name="invalid_value_cyc">10</key>
			<key name="default_value">215</key>
			<key name="default_orig">FF</key>
			<key name="value_start">-40</key>
			<key name="value_end">210</key>
			<key name="sig_period">100</key><!-- in ms -->
		</array>
		<array name="cab_temp">
			<key name="sig_name">Cab Temperature</key>
			<key name="node_time_cyc">10</key>
			<key name="invalid_value_cyc">10</key>
			<key name="default_orig">FF</key>
			<key name="default_value">215</key>
			<key name="value_start">-40</key>
			<key name="value_end">210</key>
			<key name="sig_period">100</key><!-- in ms -->
		</array>
		<array name="acc pedal position">
			<key name="sig_name">Accelerator pedal (AP) position</key>
			<key name="node_time_cyc">10</key>
			<key name="invalid_value_cyc">10</key>
			<key name="default_value">0</key>
			<key name="default_orig">0</key>
			<key name="value_start">0</key>
			<key name="value_end">100</key>
			<key name="sig_period">50</key><!-- in ms -->
		</array>
		<array name="brake switch">
			<key name="sig_name">Brake switch</key>
			<key name="node_time_cyc">10</key>
			<key name="invalid_value_cyc">10</key>
			<key name="default_value">3</key>
			<key name="default_orig">3</key>
			<key name="value_start">0</key>
			<key name="value_end">1</key>
			<key name="sig_period">100</key><!-- in ms -->
		</array>
		<array name="clutch switch">
			<key name="sig_name">Clutch Switch</key>
			<key name="node_time_cyc">10</key>
			<key name="invalid_value_cyc">10</key>
			<key name="default_value">3</key>
			<key name="default_orig">3</key>
			<key name="value_start">0</key>
			<key name="value_end">1</key>
			<key name="sig_period">100</key><!-- in ms -->
		</array>
		<array name="fuel leakage alert">
			<key name="sig_name">Fuel Leakage Alert</key>
			<key name="node_time_cyc">10</key>
			<key name="invalid_value_cyc">10</key>
			<key name="default_value">3</key>
			<key name="default_orig">3</key>
			<key name="value_start">0</key>
			<key name="value_end">1</key>
			<key name="sig_period">1000</key><!-- in ms -->
		</array>
		<array name="fuel economy">
			<key name="sig_name">Fuel Rate</key>
			<key name="node_time_cyc">10</key>
			<key name="invalid_value_cyc">10</key>
			<key name="default_value">3276.75</key>
			<key name="default_orig">FFFF</key>
			<key name="value_start">0</key>
			<key name="value_end">60</key>
			<key name="sig_period">100</key><!-- in ms -->
		</array>
		<array name="instantaneous fuel economy">
			<key name="sig_name">Instantaneous Fuel Economy</key>
			<key name="node_time_cyc">10</key>
			<key name="invalid_value_cyc">10</key>
			<key name="default_value">FF</key>
			<key name="default_orig">FFFF</key>
			<key name="value_start">0</key>
			<key name="value_end">125.5</key>
			<key name="sig_period">100</key><!-- in ms -->
		</array>
		<array name="er_retarder">
			<key name="sig_name">ActualRetarderPercentTorqueERCER</key>
			<key name="node_time_cyc">10</key>
			<key name="invalid_value_cyc">10</key>
			<key name="default_value">130</key>
			<key name="default_orig">FF</key>
			<key name="value_start">-100</key>
			<key name="value_end">0</key>
			<key name="sig_period">100</key><!-- in ms -->
		</array>
		<array name="dr_retarder">
			<key name="sig_name">ActualRetarderPercentTorqueERCDR</key>
			<key name="node_time_cyc">10</key>
			<key name="invalid_value_cyc">10</key>
			<key name="default_value">130</key>
			<key name="default_orig">FF</key>
			<key name="value_start">-100</key>
			<key name="value_end">0</key>
			<key name="sig_period">100</key><!-- in ms -->
		</array>
		<array name="xr_retarder">
			<key name="sig_name">ActualRetarderPercentTorqueERCEXR</key>
			<key name="node_time_cyc">10</key>
			<key name="invalid_value_cyc">10</key>
			<key name="default_value">130</key>
			<key name="default_orig">FF</key>
			<key name="value_start">-100</key>
			<key name="value_end">0</key>
			<key name="sig_period">100</key><!-- in ms -->
		</array>
		<array name="current gear">
			<key name="sig_name">Current Gear</key>
			<key name="node_time_cyc">10</key>
			<key name="invalid_value_cyc">10</key>
			<key name="default_value">130</key>
			<key name="default_orig">FF</key>
			<key name="value_start">-125</key>
			<key name="value_end">125</key>
			<key name="sig_period">100</key><!-- in ms -->
		</array>
		<array name="engine oil pressure">
			<key name="sig_name">Engine Oil Pressure</key>
			<key name="node_time_cyc">10</key>
			<key name="invalid_value_cyc">10</key>
			<key name="default_value">1020</key>
			<key name="default_orig">FF</key>
			<key name="value_start">0</key>
			<key name="value_end">1000</key>
			<key name="sig_period">500</key>
		</array>
		<array name="tire temperature">
			<key name="sig_name">Tire Temperature</key>
			<key name="node_time_cyc">10</key>
			<key name="invalid_value_cyc">10</key>
			<key name="default_value">1776.9348</key>
			<key name="default_orig">FFFF</key>
			<key name="value_start">-40</key>
			<key name="value_end">125</key>
			<key name="sig_period">1000</key>
		</array>
		<array name="tire pressure threshold detection">
			<key name="sig_name">Tire Pressure Threshold Detection</key>
			<key name="node_time_cyc">10</key>
			<key name="invalid_value_cyc">10</key>
			<key name="default_value">7</key>
			<key name="default_orig">7</key>
			<key name="value_start">1</key>
			<key name="value_end">3</key>
			<key name="sig_period">1000</key>
		</array>
		<array name="tire pressure">
			<key name="sig_name">Tire Pressure</key>
			<key name="node_time_cyc">10</key>
			<key name="invalid_value_cyc">10</key>
			<key name="default_value">FF</key>
			<key name="default_orig">FF</key>
			<key name="value_start">0</key>
			<key name="value_end">1000</key>
			<key name="sig_period">1000</key>
		</array>
		<array name="tire status">
			<key name="sig_name">Tire Status</key>
			<key name="node_time_cyc">10</key>
			<key name="invalid_value_cyc">10</key>
			<key name="default_value">3</key>
			<key name="default_orig">3</key>
			<key name="value_start">0</key>
			<key name="value_end">1</key>
			<key name="sig_period">1000</key><!-- 1 in ms -->
		</array>
		<array name="tire pressure extended range">
			<key name="sig_name">Tire Pressure Extended Range</key>
			<key name="node_time_cyc">10</key>
			<key name="invalid_value_cyc">10</key>
			<key name="default_value">FFFF</key>
			<key name="default_orig">FFFF</key>
			<key name="value_start">0</key>
			<key name="value_end">1400</key>
			<key name="sig_period">1000</key>
		</array>
		<array name="parking brake">
			<key name="sig_name">Parking Brake Switch</key>
			<key name="node_time_cyc">0</key>
			<key name="invalid_value_cyc">0</key>
			<key name="default_value">3</key>
			<key name="default_orig">3</key>
			<key name="value_start">0</key>
			<key name="value_end">1</key>
			<key name="sig_period">100</key>
		</array>
			<array name="trailer parking brake">
			<key name="sig_name">Trailer Parking Brake Switch</key>
			<key name="node_time_cyc">0</key>
			<key name="invalid_value_cyc">0</key>
			<key name="default_value">3</key>
			<key name="default_orig">3</key>
			<key name="value_start">0</key>
			<key name="value_end">1</key>
			<key name="sig_period">100</key>
		</array>
		<array name="catalyst tank level">
			<key name="sig_name">Catalyst Tank Level</key>
			<key name="node_time_cyc">0</key>
			<key name="invalid_value_cyc">10</key>
			<key name="default_value">0xFF</key>
			<key name="default_orig">0xFF</key>
			<key name="value_start">0</key>
			<key name="value_end">100</key>
			<key name="sig_period">1000</key>
		</array>
		<array name="fuel level">
			<key name="sig_name">Fuel Level 1</key>
			<key name="node_time_cyc">10</key>
			<key name="invalid_value_cyc">10</key>
			<key name="default_value">0xFF</key>
			<key name="default_orig">0xFF</key>
			<key name="value_start">0</key>
			<key name="value_end">100</key>
			<key name="sig_period">1000</key>
		</array>
		<array name="intake manifold temperature">
			<key name="sig_name">Intake Manifold 1 Temperature</key>
			<key name="node_time_cyc">10</key>
			<key name="invalid_value_cyc">10</key>
			<key name="default_value">215</key>
			<key name="default_orig">FF</key>
			<key name="value_start">-40</key>
			<key name="value_end">125</key>
			<key name="sig_period">500</key>
		</array>
		<array name="intake manifold pressure">
			<key name="sig_name">Engine Intake Manifold #1 Pressure</key>
			<key name="node_time_cyc">10</key>
			<key name="invalid_value_cyc">10</key>
			<key name="default_value">510</key>
			<key name="default_orig">FF</key>
			<key name="value_start">44</key>
			<key name="value_end">400</key>
			<key name="sig_period">500</key>
		</array>
		<array name="actual engine percent torque">
			<key name="sig_name">Actual engine - percent torque</key>
			<key name="node_time_cyc">10</key>
			<key name="invalid_value_cyc">10</key>
			<key name="default_value">130</key>
			<key name="default_orig">FF</key>
			<key name="value_start">0</key>
			<key name="value_end">125</key>
			<key name="sig_period">20</key>
		</array>
		<array name="running light">
			<key name="sig_name">Running Light Command</key>
			<key name="node_time_cyc">10</key>
			<key name="invalid_value_cyc">10</key>
			<key name="default_value">3</key>
			<key name="default_orig">3</key>
			<key name="value_start">0</key>
			<key name="value_end">1</key>
			<key name="sig_period">35</key>
		</array>
		<array name="low beam light">
			<key name="sig_name">Low Beam Head Light Command</key>
			<key name="node_time_cyc">10</key>
			<key name="invalid_value_cyc">10</key>
			<key name="default_value">3</key>
			<key name="default_orig">3</key>
			<key name="value_start">0</key>
			<key name="value_end">1</key>
			<key name="sig_period">35</key>
		</array>
		<array name="high beam light">
			<key name="sig_name">High Beam Head Light Command</key>
			<key name="node_time_cyc">10</key>
			<key name="invalid_value_cyc">10</key>
			<key name="default_value">3</key>
			<key name="default_orig">3</key>
			<key name="value_start">0</key>
			<key name="value_end">1</key>
			<key name="sig_period">35</key>
		</array>
		<array name="tractor front fog light">
			<key name="sig_name">Tractor Front Fog Lights Command</key>
			<key name="node_time_cyc">10</key>
			<key name="invalid_value_cyc">10</key>
			<key name="default_value">3</key>
			<key name="default_orig">3</key>
			<key name="value_start">0</key>
			<key name="value_end">1</key>
			<key name="sig_period">35</key>
		</array>
		<array name="right turn light">
			<key name="sig_name">Right Turn Signal Lights Command</key>
			<key name="node_time_cyc">10</key>
			<key name="invalid_value_cyc">10</key>
			<key name="default_value">3</key>
			<key name="default_orig">3</key>
			<key name="value_start">0</key>
			<key name="value_end">1</key>
			<key name="sig_period">35</key>
		</array>
		<array name="left turn light">
			<key name="sig_name">Left Turn Signal Lights Command</key>
			<key name="node_time_cyc">10</key>
			<key name="invalid_value_cyc">10</key>
			<key name="default_value">3</key>
			<key name="default_orig">3</key>
			<key name="value_start">0</key>
			<key name="value_end">1</key>
			<key name="sig_period">35</key>
		</array>
		<array name="backup light">
			<key name="sig_name">Back Up Light and Alarm Horn Command</key>
			<key name="node_time_cyc">10</key>
			<key name="invalid_value_cyc">10</key>
			<key name="default_value">3</key>
			<key name="default_orig">3</key>
			<key name="value_start">0</key>
			<key name="value_end">1</key>
			<key name="sig_period">35</key>
		</array>
		<array name="center stop light">
			<key name="sig_name">Center Stop Light Command</key>
			<key name="node_time_cyc">10</key>
			<key name="invalid_value_cyc">10</key>
			<key name="default_value">3</key>
			<key name="default_orig">3</key>
			<key name="value_start">0</key>
			<key name="value_end">1</key>
			<key name="sig_period">35</key>
		</array>
		<array name="implement marker light">
			<key name="sig_name">Implement Marker Light Command</key>
			<key name="node_time_cyc">10</key>
			<key name="invalid_value_cyc">10</key>
			<key name="default_value">3</key>
			<key name="default_orig">3</key>
			<key name="value_start">0</key>
			<key name="value_end">1</key>
			<key name="sig_period">35</key>
		</array>
		<array name="rear fog light">
			<key name="sig_name">Rear Fog Light Command</key>
			<key name="node_time_cyc">10</key>
			<key name="invalid_value_cyc">10</key>
			<key name="default_value">3</key>
			<key name="default_orig">3</key>
			<key name="value_start">0</key>
			<key name="value_end">1</key>
			<key name="sig_period">35</key>
		</array>
		<array name="hazard light">
			<key name="sig_name">Hazard Light Switch</key>
			<key name="node_time_cyc">10</key>
			<key name="invalid_value_cyc">10</key>
			<key name="default_value">3</key>
			<key name="default_orig">3</key>
			<key name="value_start">0</key>
			<key name="value_end">1</key>
			<key name="sig_period">1000</key>
		</array>
		<array name="door passenger">
			<key name="sig_name">Lock Status of Door 2_Passenger</key>
			<key name="node_time_cyc">10</key>
			<key name="invalid_value_cyc">10</key>
			<key name="default_value">3</key>
			<key name="default_orig">3</key>
			<key name="value_start">0</key>
			<key name="value_end">1</key>
			<key name="sig_period">100</key>
		</array>
		<array name="reverse gear switch">
			<key name="sig_name">Reverse Gear Switch</key>
			<key name="node_time_cyc">10</key>
			<key name="invalid_value_cyc">10</key>
			<key name="default_value">4</key>
			<key name="default_orig">4</key>
			<key name="value_start">0</key>
			<key name="value_end">1</key>
			<key name="sig_period">100</key>
		</array>
		<array name="turn signal switch">
			<key name="sig_name">Turn Signal Switch</key>
			<key name="node_time_cyc">10</key>
			<key name="invalid_value_cyc">10</key>
			<key name="default_value">4</key>
			<key name="default_orig">4</key>
			<key name="value_start">0</key>
			<key name="value_end">2</key>
			<key name="sig_period">1000</key>
		</array>
		<array name="lock status of door driver">
			<key name="sig_name">Lock Status of Door 1_Driver</key>
			<key name="node_time_cyc">10</key>
			<key name="invalid_value_cyc">10</key>
			<key name="default_value">4</key>
			<key name="default_orig">4</key>
			<key name="value_start">0</key>
			<key name="value_end">1</key>
			<key name="sig_period">100</key>
		</array>
		<array name="predictive cruise working status">
			<key name="sig_name">Predictive Cruise Working Status</key>
			<key name="node_time_cyc">10</key>
			<key name="invalid_value_cyc">10</key>
			<key name="default_value">3</key>
			<key name="default_orig">3</key>
			<key name="value_start">0</key>
			<key name="value_end">1</key>
			<key name="sig_period">100</key>
		</array>		
</config>
