
<config>
    <array name="channel">
        <array name="isotp">
            <array name="param">
                <key name="can_index">3</key>
                <key name="bs">0</key>
                <key name="stmin">0</key>
                <key name="txpad">0x00</key>
            </array>
        </array>
        <array name="ext_isotp">
            <array name="param">
                <key name="can_index">3</key>
                <key name="bs">0</key>
                <key name="stmin">0</key>
                <key name="txpad">0x00</key>
            </array>
        </array>
    </array>
    <array name="func_node">
        <array name="isotp_func">
            <array name="logical_channel">
                <key name="channel">isotp</key>
                <array name="init">
                	<!-- 0x18DB33F1 | 0x80000000 -->
                    <key name="txid">0x98DB33F1</key> 
                    <key name="rxid">0</key>
                    <key name="stmin">0</key>
                    <key name="txpad_enable">1</key>
                    <key name="txpad">0x00</key>
                </array>
            </array>
            <array name="protocol">
                <key name="name">uds</key>
                <array name="param">
                    <key name="p2_timeout">1.0</key>
                    <key name="p2star_timeout">8.0</key>
                    <key name="s3_timeout">5.1</key>
                    <key name="pending_type">2</key>
                    <key name="pending_timeout">20</key>
                </array>
            </array>
        </array>
    </array>
    <array name="node">
        <array name="MCU2">
            <array name="logical_channel">
                <key name="channel">isotp</key>
                <key name="func_channel">isotp_func</key>
                <array name="init">
                    <!-- 0x18DA4AF1 | 0x80000000 -->
                    <key name="txid">0x98DA4AF1</key>
                    <!-- 0x18DAF14A | 0x80000000 -->
                    <key name="rxid">0x98DAF14A</key>
                    <key name="stmin">0</key>
                    <key name="txpad_enable">1</key>
                    <key name="txpad">0x00</key>
                </array>
            </array>
            <array name="protocol">
                <key name="name">uds</key>
                <array name="param">
                    <key name="p2_timeout">1.0</key>
                    <key name="p2star_timeout">8.0</key>
                    <key name="s3_timeout">5.1</key>
                    <key name="pending_type">2</key>
                    <key name="pending_timeout">20</key>
                </array>
            </array>
        </array>
    </array>
</config>
